AsnQuaRou AsnieresQuatreRoutes http://www.openstreetmap.org/?lat=48.927275&lon=2.274578
Cou Courtilles http://www.openstreetmap.org/?lat=48.930641&lon=2.283719
Luth http://www.openstreetmap.org/?lat=48.931829&lon=2.288654
Vil Village http://www.openstreetmap.org/?lat=48.933316&lon=2.294544
Tim Timbaud http://www.openstreetmap.org/?lat=48.933013&lon=2.300917
Gen Gennevillers http://www.openstreetmap.org/?lat=48.933644&lon=2.307580
ParcCha ParcChanteraines http://www.openstreetmap.org/?lat=48.933929&lon=2.313287
CheRen CheminReniers http://www.openstreetmap.org/?lat=48.934592&lon=2.321570
Noue LaNoue http://www.openstreetmap.org/?lat=48.934986&lon=2.326945
MarVilGar MarieVilleneuveGarenne http://www.openstreetmap.org/?lat=48.935606&lon=2.334391
IleStDen IleStDenis http://www.openstreetmap.org/?lat=48.935767&lon=2.339551
StDen SaintDenis http://www.openstreetmap.org/?lat=48.935117&lon=2.345495
TheGerPhi TheatreGerardPhilipe http://www.openstreetmap.org/?lat=48.937502&lon=2.350398
MarStDen MarcheStDenis http://www.openstreetmap.org/?lat=48.938595&lon=2.355881
BasStDen BasiliqueSaintDenis http://www.openstreetmap.org/?lat=48.938048&lon=2.360795
CimStDen CimitiereStDenis http://www.openstreetmap.org/?lat=48.936410&lon=2.363648
HopDel HopitalDelafontaine http://www.openstreetmap.org/?lat=48.933570&lon=2.371094
Cos Cosmonautes http://www.openstreetmap.org/?lat=48.931737&lon=2.378229
Cou6Rou LaCourneuve6Routes http://www.openstreetmap.org/?lat=48.929968&lon=2.384773
HotVilCou HotelVilleCourneuve http://www.openstreetmap.org/?lat=48.927374&lon=2.392370
StaGeoAnd StadeGeoAndre http://www.openstreetmap.org/?lat=48.924357&lon=2.402090
Dan Danton http://www.openstreetmap.org/?lat=48.922728&lon=2.406564
Cou8Mai45 Courneuve8Mai1945 http://www.openstreetmap.org/?lat=48.920772&lon=2.410748
MauLac MauriceLachatre http://www.openstreetmap.org/?lat=48.919168&lon=2.413816
DraAve DrancyAvenir http://www.openstreetmap.org/?lat=48.917772&lon=2.417711
HopAvi HopitalAvicenne http://www.openstreetmap.org/?lat=48.915749&lon=2.425264
GasRou GastonRoulaud http://www.openstreetmap.org/?lat=48.914071&lon=2.431240
EscNorNie EscadrilleNormandieNiemen http://www.openstreetmap.org/?lat=48.912724&lon=2.435317
Fer LaFerme http://www.openstreetmap.org/?lat=48.909642&lon=2.437484
Lib Liberation http://www.openstreetmap.org/?lat=48.906921&lon=2.438622
HotVilBob HotelVilleBobigny http://www.openstreetmap.org/?lat=48.906504&lon=2.443975
BobPabPic BobignyPabloPicasso http://www.openstreetmap.org/?lat=48.906388&lon=2.449179
JeanRos JeanRostand http://www.openstreetmap.org/?lat=48.907837&lon=2.454318
AugDel AugusteDelaune http://www.openstreetmap.org/?lat=48.906660&lon=2.460530
PontBon PontBondy http://www.openstreetmap.org/?lat=48.904685&lon=2.469982
PetNoi PetitNoisy http://www.openstreetmap.org/?lat=48.900355&lon=2.465369
NoiSec NoisySec http://www.openstreetmap.org/?lat=48.896592&lon=2.459779
