Deb +Debourg http://www.openstreetmap.org/?lat=45.731273&lon=4.833684
ENSLyon http://www.openstreetmap.org/?lat=45.731445&lon=4.828792
HalTonyGar +HalleTonyGarnier http://www.openstreetmap.org/?lat=45.731700&lon=4.822783
MusCon +MuseeConfluences http://www.openstreetmap.org/?lat=45.733617&lon=4.818943
HotRegMon +HotelRegionMontrochet http://www.openstreetmap.org/?lat=45.740596&lon=4.819050
StBla +SainteBlandine http://www.openstreetmap.org/?lat=45.744190&lon=4.822097
PlaArc +PlaceArchives http://www.openstreetmap.org/?lat=45.747080&lon=4.824543
Per +Perrache http://www.openstreetmap.org/?lat=45.748267&lon=4.825584
+DIV_T2 http://www.openstreetmap.org/?lat=45.747937&lon=4.833555
QuaiClaBer +QuaiClaudeBernard http://www.openstreetmap.org/?lat=45.749682&lon=4.835293
RueUni +RueUniversite http://www.openstreetmap.org/?lat=45.751157&lon=4.838963
StAnd +SaintAndre http://www.openstreetmap.org/?lat=45.752871&lon=4.841076
Gui +Guillotiere http://www.openstreetmap.org/?lat=45.755356&lon=4.842803
Lib +Liberte http://www.openstreetmap.org/?lat=45.758859&lon=4.842428
SaxePre +SaxePrefecture http://www.openstreetmap.org/?lat=45.760102&lon=4.845282
PalJusMar3eme +PalaisJusticeMarie3eme http://www.openstreetmap.org/?lat=45.760312&lon=4.848490
PartDieuAud +PartDieuAuditorium http://www.openstreetmap.org/?lat=45.760678&lon=4.853822
GarePartDieuVivMer +GarePartDieuVivierMerle http://www.openstreetmap.org/?lat=45.761636&lon=4.857888
+DIV_T3 http://www.openstreetmap.org/?lat=45.763934&lon=4.862083
ThiLaf +ThiersLafayette http://www.openstreetmap.org/?lat=45.764301&lon=4.862008
ColBel +CollegeBellecombe http://www.openstreetmap.org/?lat=45.766674&lon=4.861933
ChaChaHer +CharpennesCharlesHernu http://www.openstreetmap.org/?lat=45.770475&lon=4.863199
Ton +Tonkin http://www.openstreetmap.org/?lat=45.774075&lon=4.864014
Con +Condorcet http://www.openstreetmap.org/?lat=45.777906&lon=4.866954
Uni +UniversiteLyon1 http://www.openstreetmap.org/?lat=45.780877&lon=4.866353
DouaGasBer +DouaGastonBerger http://www.openstreetmap.org/?lat=45.781490&lon=4.872147
InsaEin +InsaEinstein http://www.openstreetmap.org/?lat=45.782448&lon=4.877672
CroLui +CroixLuizet http://www.openstreetmap.org/?lat=45.783675&lon=4.883187
IYTFey +IYTFeyssine http://www.openstreetmap.org/?lat=45.786952&lon=4.881899
